{
    "industryName": "Information Technology & Services",
    "lastName": "Nguyen",
    "locationName": "Vietnam",
    "student": false,
    "geoCountryName": "Vietnam",
    "geoCountryUrn": "urn:li:fs_geo:104195383",
    "geoLocationBackfilled": false,
    "elt": false,
    "industryUrn": "urn:li:fs_industry:96",
    "firstName": "Thanh",
    "entityUrn": "urn:li:fs_profile:ACoAAArzVnoBQu5Zj7r67-zT472YOgoQstXoKLo",
    "geoLocation": {
        "geoUrn": "urn:li:fs_geo:104195383"
    },
    "location": {
        "basicLocation": {
            "countryCode": "vn"
        }
    },
    "headline": "Sr. Technical Consultant",
    "profile_id": "ACoAAArzVnoBQu5Zj7r67-zT472YOgoQstXoKLo",
    "profile_urn": "urn:li:fs_miniProfile:ACoAAArzVnoBQu5Zj7r67-zT472YOgoQstXoKLo",
    "member_urn": "urn:li:member:183719546",
    "public_id": "thanh-nguyen-cong",
    "experience": [
        {
            "locationName": "Ho Chi Minh city",
            "entityUrn": "urn:li:fs_position:(ACoAAArzVnoBQu5Zj7r67-zT472YOgoQstXoKLo,927140145)",
            "geoLocationName": "Ho Chi Minh city",
            "companyName": "Avenue",
            "timePeriod": {
                "startDate": {
                    "month": 10,
                    "year": 2010
                }
            },
            "company": {
                "employeeCountRange": {
                    "start": 51,
                    "end": 200
                },
                "industries": [
                    "Computer Software"
                ]
            },
            "title": "Senior Technical Consultant (IBM Maximo)",
            "companyUrn": "urn:li:fs_miniCompany:777345",
            "companyLogoUrl": "https://media.licdn.com/dms/image/C560BAQGMbQIgFGlJ_g/company-logo_"
        },
        {
            "locationName": "Seoul, Korea",
            "entityUrn": "urn:li:fs_position:(ACoAAArzVnoBQu5Zj7r67-zT472YOgoQstXoKLo,534245012)",
            "$anti_abuse_metadata": {
                "/geoUrn": {
                    "sourceUrns": {
                        "com.linkedin.common.urn.MemberUrn": "urn:li:member:183719546"
                    }
                },
                "/companyName": {
                    "sourceUrns": {
                        "com.linkedin.common.urn.MemberUrn": "urn:li:member:183719546"
                    }
                },
                "/companyUrn": {
                    "sourceUrns": {
                        "com.linkedin.common.urn.MemberUrn": "urn:li:member:183719546"
                    }
                },
                "/entityUrn": {
                    "sourceUrns": {
                        "com.linkedin.common.urn.MemberUrn": "urn:li:member:183719546"
                    }
                },
                "/geoLocationName": {
                    "sourceUrns": {
                        "com.linkedin.common.urn.MemberUrn": "urn:li:member:183719546"
                    }
                },
                "/promotion": {
                    "sourceUrns": {
                        "com.linkedin.common.urn.MemberUrn": "urn:li:member:183719546"
                    }
                },
                "/title": {
                    "sourceUrns": {
                        "com.linkedin.common.urn.MemberUrn": "urn:li:member:183719546"
                    }
                },
                "/region": {
                    "sourceUrns": {
                        "com.linkedin.common.urn.MemberUrn": "urn:li:member:183719546"
                    }
                },
                "/locationName": {
                    "sourceUrns": {
                        "com.linkedin.common.urn.MemberUrn": "urn:li:member:183719546"
                    }
                },
                "/description": {
                    "sourceUrns": {
                        "com.linkedin.common.urn.MemberUrn": "urn:li:member:183719546"
                    }
                }
            },
            "geoLocationName": "Seoul, Korea",
            "companyName": "INTERGRAPH KOREA",
            "timePeriod": {
                "endDate": {
                    "month": 10,
                    "year": 2010
                },
                "startDate": {
                    "month": 3,
                    "year": 2006
                }
            },
            "title": "Senior Application Engineer"
        },
        {
            "locationName": "Ho Chi Minh City, VietNam",
            "entityUrn": "urn:li:fs_position:(ACoAAArzVnoBQu5Zj7r67-zT472YOgoQstXoKLo,534245196)",
            "$anti_abuse_metadata": {
                "/geoUrn": {
                    "sourceUrns": {
                        "com.linkedin.common.urn.MemberUrn": "urn:li:member:183719546"
                    }
                },
                "/companyName": {
                    "sourceUrns": {
                        "com.linkedin.common.urn.MemberUrn": "urn:li:member:183719546"
                    }
                },
                "/companyUrn": {
                    "sourceUrns": {
                        "com.linkedin.common.urn.MemberUrn": "urn:li:member:183719546"
                    }
                },
                "/entityUrn": {
                    "sourceUrns": {
                        "com.linkedin.common.urn.MemberUrn": "urn:li:member:183719546"
                    }
                },
                "/geoLocationName": {
                    "sourceUrns": {
                        "com.linkedin.common.urn.MemberUrn": "urn:li:member:183719546"
                    }
                },
                "/promotion": {
                    "sourceUrns": {
                        "com.linkedin.common.urn.MemberUrn": "urn:li:member:183719546"
                    }
                },
                "/title": {
                    "sourceUrns": {
                        "com.linkedin.common.urn.MemberUrn": "urn:li:member:183719546"
                    }
                },
                "/region": {
                    "sourceUrns": {
                        "com.linkedin.common.urn.MemberUrn": "urn:li:member:183719546"
                    }
                },
                "/locationName": {
                    "sourceUrns": {
                        "com.linkedin.common.urn.MemberUrn": "urn:li:member:183719546"
                    }
                },
                "/description": {
                    "sourceUrns": {
                        "com.linkedin.common.urn.MemberUrn": "urn:li:member:183719546"
                    }
                }
            },
            "geoLocationName": "Ho Chi Minh City, VietNam",
            "companyName": "VINA GENUWIN LTD CO.",
            "timePeriod": {
                "endDate": {
                    "month": 3,
                    "year": 2006
                },
                "startDate": {
                    "month": 9,
                    "year": 2003
                }
            },
            "title": "Senior Software Implementer (ERP)."
        },
        {
            "locationName": "Ho Chi Minh City, VietNam",
            "entityUrn": "urn:li:fs_position:(ACoAAArzVnoBQu5Zj7r67-zT472YOgoQstXoKLo,534243533)",
            "$anti_abuse_metadata": {
                "/geoUrn": {
                    "sourceUrns": {
                        "com.linkedin.common.urn.MemberUrn": "urn:li:member:183719546"
                    }
                },
                "/companyName": {
                    "sourceUrns": {
                        "com.linkedin.common.urn.MemberUrn": "urn:li:member:183719546"
                    }
                },
                "/companyUrn": {
                    "sourceUrns": {
                        "com.linkedin.common.urn.MemberUrn": "urn:li:member:183719546"
                    }
                },
                "/entityUrn": {
                    "sourceUrns": {
                        "com.linkedin.common.urn.MemberUrn": "urn:li:member:183719546"
                    }
                },
                "/geoLocationName": {
                    "sourceUrns": {
                        "com.linkedin.common.urn.MemberUrn": "urn:li:member:183719546"
                    }
                },
                "/promotion": {
                    "sourceUrns": {
                        "com.linkedin.common.urn.MemberUrn": "urn:li:member:183719546"
                    }
                },
                "/title": {
                    "sourceUrns": {
                        "com.linkedin.common.urn.MemberUrn": "urn:li:member:183719546"
                    }
                },
                "/region": {
                    "sourceUrns": {
                        "com.linkedin.common.urn.MemberUrn": "urn:li:member:183719546"
                    }
                },
                "/locationName": {
                    "sourceUrns": {
                        "com.linkedin.common.urn.MemberUrn": "urn:li:member:183719546"
                    }
                },
                "/description": {
                    "sourceUrns": {
                        "com.linkedin.common.urn.MemberUrn": "urn:li:member:183719546"
                    }
                }
            },
            "geoLocationName": "Ho Chi Minh City, VietNam",
            "companyName": "ESOFT LTD CO.",
            "timePeriod": {
                "endDate": {
                    "month": 9,
                    "year": 2003
                },
                "startDate": {
                    "month": 5,
                    "year": 2002
                }
            },
            "title": "Programmer"
        }
    ],
    "education": [
        {
            "entityUrn": "urn:li:fs_education:(ACoAAArzVnoBQu5Zj7r67-zT472YOgoQstXoKLo,193252366)",
            "degreeName": "\uf0fc\tBACHELOR OF SCIENCE",
            "schoolName": "University of Science Ho Chi Minh City",
            "fieldOfStudy": "\u2022\tFaculty of Information Technology"
        },
        {
            "entityUrn": "urn:li:fs_education:(ACoAAArzVnoBQu5Zj7r67-zT472YOgoQstXoKLo,193252428)",
            "degreeName": "Bachelor's Degree",
            "schoolName": "University of Science HCM",
            "fieldOfStudy": "\u2022\tFaculty of Information Technology"
        }
    ],
    "languages": [
        {
            "name": "English"
        }
    ],
    "publications": [],
    "certifications": [
        {
            "name": "IBM Certified Deployment Professional - Maximo Asset management V7.5",
            "timePeriod": {
                "startDate": {
                    "month": 4,
                    "year": 2012
                }
            }
        },
        {
            "name": "IBM Certified Deployment Professional - Tivoli Process Automation Engine V7.5",
            "timePeriod": {
                "startDate": {
                    "month": 4,
                    "year": 2012
                }
            }
        },
        {
            "name": "IBM Certified Infrastructure Deployment Professional - Maximo Asset management V7.5",
            "timePeriod": {
                "startDate": {
                    "month": 1,
                    "year": 2016
                }
            }
        },
        {
            "name": "IBM Certified Advanced Deployment Professional - IBM Service Management Asset management V5",
            "timePeriod": {
                "startDate": {
                    "month": 1,
                    "year": 2016
                }
            }
        },
        {
            "authority": "IBM",
            "name": "IBM Certified Infrastructure Deployment Professional - Maximo Asset Management V7.6",
            "timePeriod": {
                "startDate": {
                    "month": 8,
                    "year": 2020
                }
            },
            "company": {
                "objectUrn": "urn:li:company:1009",
                "entityUrn": "urn:li:fs_miniCompany:1009",
                "name": "IBM",
                "showcase": false,
                "active": true,
                "logo": {
                    "com.linkedin.common.VectorImage": {
                        "artifacts": [
                            {
                                "width": 200,
                                "fileIdentifyingUrlPathSegment": "200_200/0/1688684715427?e=1700697600&v=beta&t=2eLYpYlc5HZ2LkFCcrgm-U-WPb_Zbx6awsbQn5n5Lhc",
                                "expiresAt": 1700697600000,
                                "height": 200
                            },
                            {
                                "width": 100,
                                "fileIdentifyingUrlPathSegment": "100_100/0/1688684715427?e=1700697600&v=beta&t=eYfte0l3B3mHoKMUhtUKZ2CXTLnMh6SivxEUKE7Aqi4",
                                "expiresAt": 1700697600000,
                                "height": 100
                            },
                            {
                                "width": 400,
                                "fileIdentifyingUrlPathSegment": "400_400/0/1688684715427?e=1700697600&v=beta&t=u5Re06Myc9BstE2M6qN9MMORKODl8XmTlCBTPMoVtXk",
                                "expiresAt": 1700697600000,
                                "height": 400
                            }
                        ],
                        "rootUrl": "https://media.licdn.com/dms/image/D560BAQGiz5ecgpCtkA/company-logo_"
                    }
                },
                "universalName": "ibm",
                "dashCompanyUrn": "urn:li:fsd_company:1009",
                "trackingId": "U/IDm/xjTdKpF22peS3Bsw=="
            },
            "displaySource": "youracclaim.com",
            "companyUrn": "urn:li:fs_miniCompany:1009",
            "url": "https://www.youracclaim.com/badges/7d1d0ba8-bbbb-41d9-a243-4f679924b91f?source=linked_in_profile"
        },
        {
            "authority": "IBM",
            "name": "IBM Certified Deployment Professional - Maximo Asset Management v7.6 Functional Analyst",
            "timePeriod": {
                "startDate": {
                    "month": 9,
                    "year": 2020
                }
            },
            "company": {
                "objectUrn": "urn:li:company:1009",
                "entityUrn": "urn:li:fs_miniCompany:1009",
                "name": "IBM",
                "showcase": false,
                "active": true,
                "logo": {
                    "com.linkedin.common.VectorImage": {
                        "artifacts": [
                            {
                                "width": 200,
                                "fileIdentifyingUrlPathSegment": "200_200/0/1688684715427?e=1700697600&v=beta&t=2eLYpYlc5HZ2LkFCcrgm-U-WPb_Zbx6awsbQn5n5Lhc",
                                "expiresAt": 1700697600000,
                                "height": 200
                            },
                            {
                                "width": 100,
                                "fileIdentifyingUrlPathSegment": "100_100/0/1688684715427?e=1700697600&v=beta&t=eYfte0l3B3mHoKMUhtUKZ2CXTLnMh6SivxEUKE7Aqi4",
                                "expiresAt": 1700697600000,
                                "height": 100
                            },
                            {
                                "width": 400,
                                "fileIdentifyingUrlPathSegment": "400_400/0/1688684715427?e=1700697600&v=beta&t=u5Re06Myc9BstE2M6qN9MMORKODl8XmTlCBTPMoVtXk",
                                "expiresAt": 1700697600000,
                                "height": 400
                            }
                        ],
                        "rootUrl": "https://media.licdn.com/dms/image/D560BAQGiz5ecgpCtkA/company-logo_"
                    }
                },
                "universalName": "ibm",
                "dashCompanyUrn": "urn:li:fsd_company:1009",
                "trackingId": "LJxv/IEkT/uYPRND+zwXhQ=="
            },
            "displaySource": "youracclaim.com",
            "companyUrn": "urn:li:fs_miniCompany:1009",
            "url": "https://www.youracclaim.com/badges/d13815fd-1846-4e26-b63a-1ab8e77ed3e4?source=linked_in_profile"
        }
    ],
    "volunteer": [],
    "honors": [],
    "projects": [],
    "email_address": "thanhblueskyz@gmail.com",
    "websites": [],
    "twitter": [],
    "birthdate": null,
    "ims": null,
    "phone_numbers": []
}