{
    "summary": "I enjoy sharing IBM #Maximo stories and being an active member of the user community. I am particularly interested in asset management beyond traditional maintenance including Asset Health, IoT and Predictive Maintenance.\nIn my spare time, I love spending time with the family, cooking, running, yoga, travelling and music.\nI would love to understand how I can help you and your business with its enterprise asset management system. Feel free to get in touch and connect! Email: Helen.fisher@bpdzenith.com",
    "industryName": "Information Technology & Services",
    "lastName": "Fisher",
    "locationName": "United Kingdom",
    "student": false,
    "geoCountryName": "United Kingdom",
    "geoCountryUrn": "urn:li:fs_geo:101165590",
    "geoLocationBackfilled": false,
    "elt": false,
    "industryUrn": "urn:li:fs_industry:96",
    "firstName": "Helen",
    "entityUrn": "urn:li:fs_profile:ACoAAAohsIgBAqgekafPeO5MjeZfdd3-StfttIA",
    "geoLocation": {
        "geoUrn": "urn:li:fs_geo:112556478"
    },
    "geoLocationName": "Carlisle, England",
    "location": {
        "basicLocation": {
            "countryCode": "gb"
        }
    },
    "headline": "IBM Champion - Supporting asset intensive industries with IBM Maximo Application Suite solutions (EAM/CAFM/CMMS/SEAM) for sustainable operations",
    "displayPictureUrl": "https://media.licdn.com/dms/image/C4D03AQH7C1oaeYXPuQ/profile-displayphoto-shrink_",
    "img_100_100": "100_100/0/1641034323396?e=1698278400&v=beta&t=qhhjomSYbcsiZWVXAa51x8fXuJo1ZNiT7gNICTn2zRU",
    "img_200_200": "200_200/0/1641034323396?e=1698278400&v=beta&t=uGs83TQ73shYDzgktGud5A_AhKjlo9d373ioB-KF2ys",
    "img_400_400": "400_400/0/1641034323396?e=1698278400&v=beta&t=ZxcfumRUHaDDtWvp-C0G6JJjPVrIgMFVTsVJM2vJOXs",
    "img_800_800": "800_800/0/1641034323396?e=1698278400&v=beta&t=CEHDYG-0CxkMvQCPzsPmEfT6VDTmyXFDATSBamBfj-E",
    "profile_id": "ACoAAAohsIgBAqgekafPeO5MjeZfdd3-StfttIA",
    "profile_urn": "urn:li:fs_miniProfile:ACoAAAohsIgBAqgekafPeO5MjeZfdd3-StfttIA",
    "member_urn": "urn:li:member:169980040",
    "public_id": "helencfisher",
    "experience": [
        {
            "locationName": "Carlisle, Pennsylvania, United States",
            "entityUrn": "urn:li:fs_position:(ACoAAAohsIgBAqgekafPeO5MjeZfdd3-StfttIA,1891859816)",
            "geoLocationName": "Carlisle, Pennsylvania, United States",
            "geoUrn": "urn:li:fs_geo:103168847",
            "companyName": "BPD Zenith",
            "timePeriod": {
                "startDate": {
                    "month": 1,
                    "year": 2022
                }
            },
            "description": "Supporting asset intensive industries (specifically healthcare, FM, and energy) with BPD's award winning IBM Maximo solutions including MaxiCloud, Maximo Industry Accelerators, Fingertip Mobile, and asset health monitoring solution LoveYourAsset.",
            "company": {
                "employeeCountRange": {
                    "start": 51,
                    "end": 200
                },
                "industries": [
                    "Information Technology and Services"
                ]
            },
            "title": "UK Business Development Manager",
            "region": "urn:li:fs_region:(us,0)",
            "companyUrn": "urn:li:fs_miniCompany:2653560",
            "companyLogoUrl": "https://media.licdn.com/dms/image/C4D0BAQFoqB-J9PWSmA/company-logo_"
        },
        {
            "locationName": "Carlisle",
            "entityUrn": "urn:li:fs_position:(ACoAAAohsIgBAqgekafPeO5MjeZfdd3-StfttIA,1508306741)",
            "geoLocationName": "Carlisle",
            "companyName": "BPD Zenith Ltd",
            "timePeriod": {
                "endDate": {
                    "month": 1,
                    "year": 2022
                },
                "startDate": {
                    "month": 8,
                    "year": 2019
                }
            },
            "description": "Hybrid role. Global marketing co-ordination and UK Business Development for Oil and Gas clients. ",
            "company": {
                "employeeCountRange": {
                    "start": 51,
                    "end": 200
                },
                "industries": [
                    "Information Technology and Services"
                ]
            },
            "title": "Marketing Manager & Business Development",
            "companyUrn": "urn:li:fs_miniCompany:2653560",
            "honors": [
                "urn:li:fs_honor:(ACoAAAohsIgBAqgekafPeO5MjeZfdd3-StfttIA,462339896)"
            ],
            "companyLogoUrl": "https://media.licdn.com/dms/image/C4D0BAQFoqB-J9PWSmA/company-logo_"
        },
        {
            "locationName": "Carlisle",
            "entityUrn": "urn:li:fs_position:(ACoAAAohsIgBAqgekafPeO5MjeZfdd3-StfttIA,367972034)",
            "geoLocationName": "Carlisle",
            "companyName": "BPD Zenith Ltd",
            "timePeriod": {
                "endDate": {
                    "month": 1,
                    "year": 2022
                },
                "startDate": {
                    "month": 2,
                    "year": 2013
                }
            },
            "description": "Responsible for marketing across BPD's Global Group. \n\nBPD Zenith is an Enterprise Asset Management partner for organisations worldwide. We are one of the few global IBM Maximo focused companies providing expertise across North America, Europe and Asia Pacific.\u00a0Our solutions are purpose-built for specific industries, providing complete platforms that are designed to make the world work better. \n\nBPD Zenith is the only IBM Partner in the world to have attained industry authorisation for the Chemicals and Petroleum industry. This accolade formed the basis of our acclaimed 2015 IBM Beacon Award for Outstanding Software Solution for Service Delivery and Management. BPD Zenith also won the 2015 IBM Analytics Award for Asset and Facilities Management.",
            "company": {
                "employeeCountRange": {
                    "start": 51,
                    "end": 200
                },
                "industries": [
                    "Information Technology and Services"
                ]
            },
            "title": "Marketing Manager",
            "companyUrn": "urn:li:fs_miniCompany:2653560",
            "honors": [
                "urn:li:fs_honor:(ACoAAAohsIgBAqgekafPeO5MjeZfdd3-StfttIA,1202253440)",
                "urn:li:fs_honor:(ACoAAAohsIgBAqgekafPeO5MjeZfdd3-StfttIA,851339552)",
                "urn:li:fs_honor:(ACoAAAohsIgBAqgekafPeO5MjeZfdd3-StfttIA,1104409620)"
            ],
            "companyLogoUrl": "https://media.licdn.com/dms/image/C4D0BAQFoqB-J9PWSmA/company-logo_"
        },
        {
            "locationName": "Carlisle, United Kingdom",
            "entityUrn": "urn:li:fs_position:(ACoAAAohsIgBAqgekafPeO5MjeZfdd3-StfttIA,260459753)",
            "geoLocationName": "Carlisle, United Kingdom",
            "geoUrn": "urn:li:fs_geo:102597667",
            "companyName": "BPD Zenith Ltd",
            "timePeriod": {
                "endDate": {
                    "month": 2,
                    "year": 2013
                },
                "startDate": {
                    "month": 7,
                    "year": 2010
                }
            },
            "description": "Office Administrator and Business Development Support.",
            "company": {
                "employeeCountRange": {
                    "start": 51,
                    "end": 200
                },
                "industries": [
                    "Information Technology and Services"
                ]
            },
            "title": "Sales Administrator",
            "region": "urn:li:fs_region:(gb,4554)",
            "companyUrn": "urn:li:fs_miniCompany:2653560",
            "companyLogoUrl": "https://media.licdn.com/dms/image/C4D0BAQFoqB-J9PWSmA/company-logo_"
        }
    ],
    "education": [
        {
            "entityUrn": "urn:li:fs_education:(ACoAAAohsIgBAqgekafPeO5MjeZfdd3-StfttIA,100668921)",
            "school": {
                "objectUrn": "urn:li:school:12675",
                "entityUrn": "urn:li:fs_miniSchool:12675",
                "active": true,
                "schoolName": "The University of Sheffield",
                "trackingId": "x5jV+yDLS2aEx8juAvQejg==",
                "logoUrl": "https://media.licdn.com/dms/image/D4E0BAQEORSKOZDnu4A/company-logo_"
            },
            "grade": "2:1 Hons",
            "timePeriod": {
                "endDate": {
                    "year": 2010
                },
                "startDate": {
                    "year": 2007
                }
            },
            "description": "Specialising in Music Therapy and Music in the Community. Solid foundation in composition, performance and research.",
            "degreeName": "Bachelor of Music",
            "schoolName": "The University of Sheffield",
            "schoolUrn": "urn:li:fs_miniSchool:12675"
        },
        {
            "entityUrn": "urn:li:fs_education:(ACoAAAohsIgBAqgekafPeO5MjeZfdd3-StfttIA,100668818)",
            "timePeriod": {
                "endDate": {
                    "year": 2007
                },
                "startDate": {
                    "year": 2000
                }
            },
            "description": "A-Levels included, Music, Biology, Sociology, General Studies and Theatre Studies (AS-Level).",
            "schoolName": "Nelson Thomlinson School, Wigton"
        }
    ],
    "languages": [],
    "publications": [],
    "certifications": [
        {
            "authority": "IBM",
            "name": "IBM Maximo Enterprise Asset Management Sales Professional v4",
            "company": {
                "objectUrn": "urn:li:company:1009",
                "entityUrn": "urn:li:fs_miniCompany:1009",
                "name": "IBM",
                "showcase": false,
                "active": true,
                "logo": {
                    "com.linkedin.common.VectorImage": {
                        "artifacts": [
                            {
                                "width": 200,
                                "fileIdentifyingUrlPathSegment": "200_200/0/1688684715427?e=1700697600&v=beta&t=2eLYpYlc5HZ2LkFCcrgm-U-WPb_Zbx6awsbQn5n5Lhc",
                                "expiresAt": 1700697600000,
                                "height": 200
                            },
                            {
                                "width": 100,
                                "fileIdentifyingUrlPathSegment": "100_100/0/1688684715427?e=1700697600&v=beta&t=eYfte0l3B3mHoKMUhtUKZ2CXTLnMh6SivxEUKE7Aqi4",
                                "expiresAt": 1700697600000,
                                "height": 100
                            },
                            {
                                "width": 400,
                                "fileIdentifyingUrlPathSegment": "400_400/0/1688684715427?e=1700697600&v=beta&t=u5Re06Myc9BstE2M6qN9MMORKODl8XmTlCBTPMoVtXk",
                                "expiresAt": 1700697600000,
                                "height": 400
                            }
                        ],
                        "rootUrl": "https://media.licdn.com/dms/image/D560BAQGiz5ecgpCtkA/company-logo_"
                    }
                },
                "universalName": "ibm",
                "dashCompanyUrn": "urn:li:fsd_company:1009",
                "trackingId": "p5JFhRHrRHWWv0ARJVC+WA=="
            },
            "companyUrn": "urn:li:fs_miniCompany:1009"
        },
        {
            "authority": "IBM",
            "name": "IBM Tivoli Enterprise Asset Management Sales Professional v3",
            "company": {
                "objectUrn": "urn:li:company:1009",
                "entityUrn": "urn:li:fs_miniCompany:1009",
                "name": "IBM",
                "showcase": false,
                "active": true,
                "logo": {
                    "com.linkedin.common.VectorImage": {
                        "artifacts": [
                            {
                                "width": 200,
                                "fileIdentifyingUrlPathSegment": "200_200/0/1688684715427?e=1700697600&v=beta&t=2eLYpYlc5HZ2LkFCcrgm-U-WPb_Zbx6awsbQn5n5Lhc",
                                "expiresAt": 1700697600000,
                                "height": 200
                            },
                            {
                                "width": 100,
                                "fileIdentifyingUrlPathSegment": "100_100/0/1688684715427?e=1700697600&v=beta&t=eYfte0l3B3mHoKMUhtUKZ2CXTLnMh6SivxEUKE7Aqi4",
                                "expiresAt": 1700697600000,
                                "height": 100
                            },
                            {
                                "width": 400,
                                "fileIdentifyingUrlPathSegment": "400_400/0/1688684715427?e=1700697600&v=beta&t=u5Re06Myc9BstE2M6qN9MMORKODl8XmTlCBTPMoVtXk",
                                "expiresAt": 1700697600000,
                                "height": 400
                            }
                        ],
                        "rootUrl": "https://media.licdn.com/dms/image/D560BAQGiz5ecgpCtkA/company-logo_"
                    }
                },
                "universalName": "ibm",
                "dashCompanyUrn": "urn:li:fsd_company:1009",
                "trackingId": "l6fEyu5PT+WHQEXlW6UUnw=="
            },
            "companyUrn": "urn:li:fs_miniCompany:1009"
        },
        {
            "authority": "IBM",
            "name": "IBM Chemical & Petroleum Industry Solutions Sales Professional v1",
            "company": {
                "objectUrn": "urn:li:company:1009",
                "entityUrn": "urn:li:fs_miniCompany:1009",
                "name": "IBM",
                "showcase": false,
                "active": true,
                "logo": {
                    "com.linkedin.common.VectorImage": {
                        "artifacts": [
                            {
                                "width": 200,
                                "fileIdentifyingUrlPathSegment": "200_200/0/1688684715427?e=1700697600&v=beta&t=2eLYpYlc5HZ2LkFCcrgm-U-WPb_Zbx6awsbQn5n5Lhc",
                                "expiresAt": 1700697600000,
                                "height": 200
                            },
                            {
                                "width": 100,
                                "fileIdentifyingUrlPathSegment": "100_100/0/1688684715427?e=1700697600&v=beta&t=eYfte0l3B3mHoKMUhtUKZ2CXTLnMh6SivxEUKE7Aqi4",
                                "expiresAt": 1700697600000,
                                "height": 100
                            },
                            {
                                "width": 400,
                                "fileIdentifyingUrlPathSegment": "400_400/0/1688684715427?e=1700697600&v=beta&t=u5Re06Myc9BstE2M6qN9MMORKODl8XmTlCBTPMoVtXk",
                                "expiresAt": 1700697600000,
                                "height": 400
                            }
                        ],
                        "rootUrl": "https://media.licdn.com/dms/image/D560BAQGiz5ecgpCtkA/company-logo_"
                    }
                },
                "universalName": "ibm",
                "dashCompanyUrn": "urn:li:fsd_company:1009",
                "trackingId": "YpXzWZv7TO+YEtLo54XW9w=="
            },
            "companyUrn": "urn:li:fs_miniCompany:1009"
        },
        {
            "authority": "IBM",
            "name": "IBM Maximo Enterprise Asset Management Sales Professional v5",
            "company": {
                "objectUrn": "urn:li:company:1009",
                "entityUrn": "urn:li:fs_miniCompany:1009",
                "name": "IBM",
                "showcase": false,
                "active": true,
                "logo": {
                    "com.linkedin.common.VectorImage": {
                        "artifacts": [
                            {
                                "width": 200,
                                "fileIdentifyingUrlPathSegment": "200_200/0/1688684715427?e=1700697600&v=beta&t=2eLYpYlc5HZ2LkFCcrgm-U-WPb_Zbx6awsbQn5n5Lhc",
                                "expiresAt": 1700697600000,
                                "height": 200
                            },
                            {
                                "width": 100,
                                "fileIdentifyingUrlPathSegment": "100_100/0/1688684715427?e=1700697600&v=beta&t=eYfte0l3B3mHoKMUhtUKZ2CXTLnMh6SivxEUKE7Aqi4",
                                "expiresAt": 1700697600000,
                                "height": 100
                            },
                            {
                                "width": 400,
                                "fileIdentifyingUrlPathSegment": "400_400/0/1688684715427?e=1700697600&v=beta&t=u5Re06Myc9BstE2M6qN9MMORKODl8XmTlCBTPMoVtXk",
                                "expiresAt": 1700697600000,
                                "height": 400
                            }
                        ],
                        "rootUrl": "https://media.licdn.com/dms/image/D560BAQGiz5ecgpCtkA/company-logo_"
                    }
                },
                "universalName": "ibm",
                "dashCompanyUrn": "urn:li:fsd_company:1009",
                "trackingId": "gA7oipyUSO2e8L6Dd5LTEQ=="
            },
            "companyUrn": "urn:li:fs_miniCompany:1009"
        },
        {
            "authority": "IBM",
            "name": "IoT - Maximo 7.6 New Features",
            "timePeriod": {
                "startDate": {
                    "month": 5,
                    "year": 2016
                }
            },
            "company": {
                "objectUrn": "urn:li:company:1009",
                "entityUrn": "urn:li:fs_miniCompany:1009",
                "name": "IBM",
                "showcase": false,
                "active": true,
                "logo": {
                    "com.linkedin.common.VectorImage": {
                        "artifacts": [
                            {
                                "width": 200,
                                "fileIdentifyingUrlPathSegment": "200_200/0/1688684715427?e=1700697600&v=beta&t=2eLYpYlc5HZ2LkFCcrgm-U-WPb_Zbx6awsbQn5n5Lhc",
                                "expiresAt": 1700697600000,
                                "height": 200
                            },
                            {
                                "width": 100,
                                "fileIdentifyingUrlPathSegment": "100_100/0/1688684715427?e=1700697600&v=beta&t=eYfte0l3B3mHoKMUhtUKZ2CXTLnMh6SivxEUKE7Aqi4",
                                "expiresAt": 1700697600000,
                                "height": 100
                            },
                            {
                                "width": 400,
                                "fileIdentifyingUrlPathSegment": "400_400/0/1688684715427?e=1700697600&v=beta&t=u5Re06Myc9BstE2M6qN9MMORKODl8XmTlCBTPMoVtXk",
                                "expiresAt": 1700697600000,
                                "height": 400
                            }
                        ],
                        "rootUrl": "https://media.licdn.com/dms/image/D560BAQGiz5ecgpCtkA/company-logo_"
                    }
                },
                "universalName": "ibm",
                "dashCompanyUrn": "urn:li:fsd_company:1009",
                "trackingId": "qlnvTxFeTuCP5zal0D+96Q=="
            },
            "displaySource": "youracclaim.com",
            "companyUrn": "urn:li:fs_miniCompany:1009",
            "url": "https://www.youracclaim.com/badges/e16a206f-53bb-44c3-8b06-30087ebae8d4/linked_in_profile"
        },
        {
            "authority": "IBM",
            "name": "IoT - Maximo Introduction and Overview",
            "timePeriod": {
                "startDate": {
                    "month": 9,
                    "year": 2016
                }
            },
            "company": {
                "objectUrn": "urn:li:company:1009",
                "entityUrn": "urn:li:fs_miniCompany:1009",
                "name": "IBM",
                "showcase": false,
                "active": true,
                "logo": {
                    "com.linkedin.common.VectorImage": {
                        "artifacts": [
                            {
                                "width": 200,
                                "fileIdentifyingUrlPathSegment": "200_200/0/1688684715427?e=1700697600&v=beta&t=2eLYpYlc5HZ2LkFCcrgm-U-WPb_Zbx6awsbQn5n5Lhc",
                                "expiresAt": 1700697600000,
                                "height": 200
                            },
                            {
                                "width": 100,
                                "fileIdentifyingUrlPathSegment": "100_100/0/1688684715427?e=1700697600&v=beta&t=eYfte0l3B3mHoKMUhtUKZ2CXTLnMh6SivxEUKE7Aqi4",
                                "expiresAt": 1700697600000,
                                "height": 100
                            },
                            {
                                "width": 400,
                                "fileIdentifyingUrlPathSegment": "400_400/0/1688684715427?e=1700697600&v=beta&t=u5Re06Myc9BstE2M6qN9MMORKODl8XmTlCBTPMoVtXk",
                                "expiresAt": 1700697600000,
                                "height": 400
                            }
                        ],
                        "rootUrl": "https://media.licdn.com/dms/image/D560BAQGiz5ecgpCtkA/company-logo_"
                    }
                },
                "universalName": "ibm",
                "dashCompanyUrn": "urn:li:fsd_company:1009",
                "trackingId": "HWRNejshTTmUDbjrCSTH8Q=="
            },
            "displaySource": "youracclaim.com",
            "companyUrn": "urn:li:fs_miniCompany:1009",
            "url": "https://www.youracclaim.com/badges/795d9f2b-67a0-4df6-a113-862966c42b3e/linked_in_profile"
        },
        {
            "authority": "IBM",
            "name": "Selling IoT - Level 1 Program 2017 Version 1",
            "timePeriod": {
                "endDate": {
                    "month": 7,
                    "year": 2019
                },
                "startDate": {
                    "month": 7,
                    "year": 2017
                }
            },
            "company": {
                "objectUrn": "urn:li:company:1009",
                "entityUrn": "urn:li:fs_miniCompany:1009",
                "name": "IBM",
                "showcase": false,
                "active": true,
                "logo": {
                    "com.linkedin.common.VectorImage": {
                        "artifacts": [
                            {
                                "width": 200,
                                "fileIdentifyingUrlPathSegment": "200_200/0/1688684715427?e=1700697600&v=beta&t=2eLYpYlc5HZ2LkFCcrgm-U-WPb_Zbx6awsbQn5n5Lhc",
                                "expiresAt": 1700697600000,
                                "height": 200
                            },
                            {
                                "width": 100,
                                "fileIdentifyingUrlPathSegment": "100_100/0/1688684715427?e=1700697600&v=beta&t=eYfte0l3B3mHoKMUhtUKZ2CXTLnMh6SivxEUKE7Aqi4",
                                "expiresAt": 1700697600000,
                                "height": 100
                            },
                            {
                                "width": 400,
                                "fileIdentifyingUrlPathSegment": "400_400/0/1688684715427?e=1700697600&v=beta&t=u5Re06Myc9BstE2M6qN9MMORKODl8XmTlCBTPMoVtXk",
                                "expiresAt": 1700697600000,
                                "height": 400
                            }
                        ],
                        "rootUrl": "https://media.licdn.com/dms/image/D560BAQGiz5ecgpCtkA/company-logo_"
                    }
                },
                "universalName": "ibm",
                "dashCompanyUrn": "urn:li:fsd_company:1009",
                "trackingId": "8z4WJVZkT62n7dkYEhKFgA=="
            },
            "displaySource": "youracclaim.com",
            "companyUrn": "urn:li:fs_miniCompany:1009",
            "url": "https://www.youracclaim.com/badges/8f45bc0d-a623-4b25-82af-f76c1818d8f0"
        },
        {
            "authority": "IBM",
            "name": "IoT - Maximo Asset Management",
            "timePeriod": {
                "endDate": {
                    "month": 7,
                    "year": 2019
                },
                "startDate": {
                    "month": 7,
                    "year": 2017
                }
            },
            "company": {
                "objectUrn": "urn:li:company:1009",
                "entityUrn": "urn:li:fs_miniCompany:1009",
                "name": "IBM",
                "showcase": false,
                "active": true,
                "logo": {
                    "com.linkedin.common.VectorImage": {
                        "artifacts": [
                            {
                                "width": 200,
                                "fileIdentifyingUrlPathSegment": "200_200/0/1688684715427?e=1700697600&v=beta&t=2eLYpYlc5HZ2LkFCcrgm-U-WPb_Zbx6awsbQn5n5Lhc",
                                "expiresAt": 1700697600000,
                                "height": 200
                            },
                            {
                                "width": 100,
                                "fileIdentifyingUrlPathSegment": "100_100/0/1688684715427?e=1700697600&v=beta&t=eYfte0l3B3mHoKMUhtUKZ2CXTLnMh6SivxEUKE7Aqi4",
                                "expiresAt": 1700697600000,
                                "height": 100
                            },
                            {
                                "width": 400,
                                "fileIdentifyingUrlPathSegment": "400_400/0/1688684715427?e=1700697600&v=beta&t=u5Re06Myc9BstE2M6qN9MMORKODl8XmTlCBTPMoVtXk",
                                "expiresAt": 1700697600000,
                                "height": 400
                            }
                        ],
                        "rootUrl": "https://media.licdn.com/dms/image/D560BAQGiz5ecgpCtkA/company-logo_"
                    }
                },
                "universalName": "ibm",
                "dashCompanyUrn": "urn:li:fsd_company:1009",
                "trackingId": "h7x7vKXbSqmAyAdWMati/g=="
            },
            "displaySource": "youracclaim.com",
            "companyUrn": "urn:li:fs_miniCompany:1009",
            "url": "https://www.youracclaim.com/badges/7aa11fc0-3d21-4871-9bac-aa9512046d45"
        },
        {
            "authority": "IBM",
            "name": "IBM Champion 2018 - IBM Cloud",
            "timePeriod": {
                "startDate": {
                    "month": 1,
                    "year": 2018
                }
            },
            "displaySource": "youracclaim.com",
            "url": "https://www.youracclaim.com/badges/88bbd5bd-306c-4b48-bdad-b48917a1a833/linked_in_profile"
        },
        {
            "authority": "IBM",
            "name": "IoT - Maximo - SAP Coexistence Tactic",
            "timePeriod": {
                "endDate": {
                    "month": 10,
                    "year": 2020
                },
                "startDate": {
                    "month": 10,
                    "year": 2018
                }
            },
            "company": {
                "objectUrn": "urn:li:company:1009",
                "entityUrn": "urn:li:fs_miniCompany:1009",
                "name": "IBM",
                "showcase": false,
                "active": true,
                "logo": {
                    "com.linkedin.common.VectorImage": {
                        "artifacts": [
                            {
                                "width": 200,
                                "fileIdentifyingUrlPathSegment": "200_200/0/1688684715427?e=1700697600&v=beta&t=2eLYpYlc5HZ2LkFCcrgm-U-WPb_Zbx6awsbQn5n5Lhc",
                                "expiresAt": 1700697600000,
                                "height": 200
                            },
                            {
                                "width": 100,
                                "fileIdentifyingUrlPathSegment": "100_100/0/1688684715427?e=1700697600&v=beta&t=eYfte0l3B3mHoKMUhtUKZ2CXTLnMh6SivxEUKE7Aqi4",
                                "expiresAt": 1700697600000,
                                "height": 100
                            },
                            {
                                "width": 400,
                                "fileIdentifyingUrlPathSegment": "400_400/0/1688684715427?e=1700697600&v=beta&t=u5Re06Myc9BstE2M6qN9MMORKODl8XmTlCBTPMoVtXk",
                                "expiresAt": 1700697600000,
                                "height": 400
                            }
                        ],
                        "rootUrl": "https://media.licdn.com/dms/image/D560BAQGiz5ecgpCtkA/company-logo_"
                    }
                },
                "universalName": "ibm",
                "dashCompanyUrn": "urn:li:fsd_company:1009",
                "trackingId": "MLf62RvbT/q3pHUXY6TX4w=="
            },
            "displaySource": "youracclaim.com",
            "companyUrn": "urn:li:fs_miniCompany:1009",
            "url": "https://www.youracclaim.com/badges/2eaa7875-62e3-48c8-bf12-fcd4fdf50ef1/linked_in_profile"
        }
    ],
    "volunteer": [],
    "honors": [
        {
            "description": "The IBM Champions program recognises individuals who make extraordinary contributions to IBM communities by advocating IBM solutions; sharing their knowledge and expertise; and helping nurture and grow independent communities.",
            "occupation": "urn:li:fs_position:(ACoAAAohsIgBAqgekafPeO5MjeZfdd3-StfttIA,1508306741)",
            "title": "IBM Champion 2019",
            "issueDate": {
                "month": 1,
                "year": 2019
            },
            "issuer": "IBM"
        },
        {
            "description": "The IBM Champions program recognises individuals who make extraordinary contributions to IBM communities by advocating IBM solutions; sharing their knowledge and expertise; and helping nurture and grow independent communities.",
            "occupation": "urn:li:fs_position:(ACoAAAohsIgBAqgekafPeO5MjeZfdd3-StfttIA,367972034)",
            "title": "IBM Champion for Cloud 2018",
            "issueDate": {
                "month": 1,
                "year": 2018
            },
            "issuer": "IBM"
        },
        {
            "description": "The 2015 IBM Analytics Awards Business Partner Award winners were announced at Insight 2015. These awards are given annually to a select set of IBM Business Partners to recognize their outstanding growth and business performance, their innovative solutions and deep expertise across the IBM Analytics portfolio.",
            "occupation": "urn:li:fs_position:(ACoAAAohsIgBAqgekafPeO5MjeZfdd3-StfttIA,367972034)",
            "title": "Analytics Award for Internet of Things - Asset and Facilities Management Business Partner of the Year",
            "issueDate": {
                "month": 10,
                "year": 2015
            },
            "issuer": "IBM"
        },
        {
            "description": "BPD Zenith was named a winner of a 2015 IBM Beacon Award for Outstanding Software Solution for Service Delivery and Management. Each year, this honor is awarded to a select number of IBM Business Partners who have delivered exceptional solutions to drive business value and transform the way their clients and industries do business in the future. The 2015 awards recognize achievements across a wide-range of solution areas, including, cloud, analytics, mobile, security and social business.",
            "occupation": "urn:li:fs_position:(ACoAAAohsIgBAqgekafPeO5MjeZfdd3-StfttIA,367972034)",
            "title": "Beacon Award for Outstanding Software Solution for Service Delivery and Management",
            "issueDate": {
                "month": 2,
                "year": 2015
            },
            "issuer": "IBM"
        }
    ],
    "projects": [],
    "email_address": null,
    "websites": [
        {
            "url": "http://www.bpdzenith.com",
            "label": "COMPANY"
        }
    ],
    "twitter": [
        {
            "name": "BPDZenith",
            "credentialId": "urn:li:member:169980040;52026680"
        }
    ],
    "birthdate": null,
    "ims": null,
    "phone_numbers": []
}