{
    "summary": "A Technical Architect and Project Manager in Enterprise Asset Management domain having 12+ Years of experience. Worked majorly for global leaders in Oil & Gas, Nuclear and Healthcare manufacturing domain. Have in depth knowledge and working experience in Maximo implementation, administration, and maintenance Projects. A certified professional in IBM Maximo V7.5, Java 6, Process Improvement, ITIL, Design Thinking. Have strong academic records with 2nd rank in BCA and 1st rank in the MCA batch.",
    "industryName": "Medical Device",
    "lastName": "Kumar",
    "locationName": "India",
    "student": false,
    "geoCountryName": "India",
    "geoCountryUrn": "urn:li:fs_geo:102713980",
    "geoLocationBackfilled": false,
    "elt": false,
    "industryUrn": "urn:li:fs_industry:17",
    "firstName": "Dhiraj",
    "entityUrn": "urn:li:fs_profile:ACoAAAMVzT4B334KDpLOy0EegQrLSeQxNBfYb8w",
    "geoLocation": {
        "geoUrn": "urn:li:fs_geo:114806696"
    },
    "geoLocationName": "Pune, Maharashtra",
    "location": {
        "basicLocation": {
            "countryCode": "in"
        }
    },
    "headline": "Associate Consultant | Maximo | EAM",
    "displayPictureUrl": "https://media.licdn.com/dms/image/C4D03AQF0jxKzw9RqKQ/profile-displayphoto-shrink_",
    "img_100_100": "100_100/0/1516559766478?e=1698278400&v=beta&t=HZEV2mfazjVJLrlcEzzwkYedC4VIJLt5vCssuBvAKVI",
    "img_200_200": "200_200/0/1516559766478?e=1698278400&v=beta&t=AlmrpgQIzD6OdYhmd4QuxGgvCmVt1uunPJ72M033bas",
    "img_400_400": "400_400/0/1516559766478?e=1698278400&v=beta&t=ixgzF1NxKHqlbtLMDMnr8YFOW6avluD-CIJwGSN6lGs",
    "img_800_800": "800_800/0/1516559766478?e=1698278400&v=beta&t=-sjSEraZcvClayP-JneLlum-6nKtwE4Bd1ubtkU_89M",
    "profile_id": "ACoAAAMVzT4B334KDpLOy0EegQrLSeQxNBfYb8w",
    "profile_urn": "urn:li:fs_miniProfile:ACoAAAMVzT4B334KDpLOy0EegQrLSeQxNBfYb8w",
    "member_urn": "urn:li:member:51760446",
    "public_id": "dhiraj-kumar-b6640115",
    "experience": [
        {
            "locationName": "Pune, Maharashtra, India",
            "entityUrn": "urn:li:fs_position:(ACoAAAMVzT4B334KDpLOy0EegQrLSeQxNBfYb8w,1916481485)",
            "geoLocationName": "Pune, Maharashtra, India",
            "geoUrn": "urn:li:fs_geo:114806696",
            "companyName": "Tata Consultancy Services",
            "timePeriod": {
                "startDate": {
                    "month": 6,
                    "year": 2020
                }
            },
            "description": "Managing a Maximo AMS Project for Global leader in Healthcare manufacturing having plants spread across Europe and USA region. Completed Maximo 7612 upgrade as part of this engagement and maintaining 100% CSS score consistently.",
            "company": {
                "employeeCountRange": {
                    "start": 10001
                },
                "industries": [
                    "Information Technology and Services"
                ]
            },
            "title": "Project Manager",
            "region": "urn:li:fs_region:(in,0)",
            "companyUrn": "urn:li:fs_miniCompany:1353",
            "companyLogoUrl": "https://media.licdn.com/dms/image/C4D0BAQFPP1NRP4F5dQ/company-logo_"
        },
        {
            "locationName": "Pune, Maharashtra, India",
            "entityUrn": "urn:li:fs_position:(ACoAAAMVzT4B334KDpLOy0EegQrLSeQxNBfYb8w,1916479069)",
            "geoLocationName": "Pune, Maharashtra, India",
            "geoUrn": "urn:li:fs_geo:114806696",
            "companyName": "Tata Consultancy Services",
            "timePeriod": {
                "endDate": {
                    "month": 5,
                    "year": 2020
                },
                "startDate": {
                    "month": 4,
                    "year": 2019
                }
            },
            "description": "Provide L2 and L3 support with enhancement to a Global healthcare manufacturing Company having sites spread across Europe and USA region in managing Maximo 7.6 application used for plant maintenance and Calibration business processes. Implemented multiple PI projects with significant soft saving in this role.",
            "company": {
                "employeeCountRange": {
                    "start": 10001
                },
                "industries": [
                    "Information Technology and Services"
                ]
            },
            "title": "Techinal Architect",
            "region": "urn:li:fs_region:(in,0)",
            "companyUrn": "urn:li:fs_miniCompany:1353",
            "companyLogoUrl": "https://media.licdn.com/dms/image/C4D0BAQFPP1NRP4F5dQ/company-logo_"
        },
        {
            "locationName": "New Jersey, USA",
            "entityUrn": "urn:li:fs_position:(ACoAAAMVzT4B334KDpLOy0EegQrLSeQxNBfYb8w,194152922)",
            "geoLocationName": "New Jersey, USA",
            "companyName": "Tata Consultancy Services",
            "timePeriod": {
                "endDate": {
                    "month": 3,
                    "year": 2019
                },
                "startDate": {
                    "month": 9,
                    "year": 2014
                }
            },
            "description": "Working with the IT Application and Business Support Team of major Nuclear Power generation and distribution company in North America to implement, maintain and support it's IT Business Applications.",
            "company": {
                "employeeCountRange": {
                    "start": 10001
                },
                "industries": [
                    "Information Technology and Services"
                ]
            },
            "title": "Technical Architect",
            "companyUrn": "urn:li:fs_miniCompany:1353",
            "companyLogoUrl": "https://media.licdn.com/dms/image/C4D0BAQFPP1NRP4F5dQ/company-logo_"
        },
        {
            "locationName": "Pune Area, India",
            "entityUrn": "urn:li:fs_position:(ACoAAAMVzT4B334KDpLOy0EegQrLSeQxNBfYb8w,600828874)",
            "geoLocationName": "Pune Area, India",
            "geoUrn": "urn:li:fs_geo:90009642",
            "companyName": "Tata Consultancy Services",
            "timePeriod": {
                "endDate": {
                    "month": 9,
                    "year": 2014
                },
                "startDate": {
                    "month": 9,
                    "year": 2010
                }
            },
            "description": "Worked on Projects for Implementation and Support of Maximo 7.1 EAM Solution for some of the biggest Oil and Gas Companies. My role in these projects were Maximo Environment setup and Configuration, Data migration, Release Management, Bug fixing. Also worked on Ventyx products like ER Suite, eSOMS in IT Application Support role.",
            "company": {
                "employeeCountRange": {
                    "start": 10001
                },
                "industries": [
                    "Information Technology and Services"
                ]
            },
            "title": "System Engineer",
            "region": "urn:li:fs_region:(in,7350)",
            "companyUrn": "urn:li:fs_miniCompany:1353",
            "companyLogoUrl": "https://media.licdn.com/dms/image/C4D0BAQFPP1NRP4F5dQ/company-logo_"
        },
        {
            "entityUrn": "urn:li:fs_position:(ACoAAAMVzT4B334KDpLOy0EegQrLSeQxNBfYb8w,123697066)",
            "companyName": "Tata Consultancy Services",
            "timePeriod": {
                "endDate": {
                    "month": 9,
                    "year": 2010
                },
                "startDate": {
                    "month": 9,
                    "year": 2009
                }
            },
            "description": "EAM Maximo 7.1 Configuration, Administration and Release Management.",
            "company": {
                "employeeCountRange": {
                    "start": 10001
                },
                "industries": [
                    "Information Technology and Services"
                ]
            },
            "title": "Project Intern",
            "companyUrn": "urn:li:fs_miniCompany:1353",
            "companyLogoUrl": "https://media.licdn.com/dms/image/C4D0BAQFPP1NRP4F5dQ/company-logo_"
        }
    ],
    "education": [
        {
            "courses": [
                "urn:li:fs_course:(ACoAAAMVzT4B334KDpLOy0EegQrLSeQxNBfYb8w,16)"
            ],
            "entityUrn": "urn:li:fs_education:(ACoAAAMVzT4B334KDpLOy0EegQrLSeQxNBfYb8w,36591472)",
            "school": {
                "objectUrn": "urn:li:school:4158119",
                "entityUrn": "urn:li:fs_miniSchool:4158119",
                "active": true,
                "schoolName": "Pune University",
                "trackingId": "1aZlwN5nS2y6JErb8mIs2w==",
                "logoUrl": "https://media.licdn.com/dms/image/C4D0BAQF2kYjnWoeJBQ/company-logo_"
            },
            "grade": "First Class with Distinction",
            "timePeriod": {
                "endDate": {
                    "year": 2010
                },
                "startDate": {
                    "year": 2007
                }
            },
            "description": "Masters in Computer Application. Secured 1st rank in College.",
            "fieldOfStudyUrn": "urn:li:fs_fieldOfStudy:100189",
            "degreeName": "MCA",
            "schoolName": "Pune University",
            "fieldOfStudy": "Computer Science",
            "schoolUrn": "urn:li:fs_miniSchool:4158119"
        },
        {
            "courses": [
                "urn:li:fs_course:(ACoAAAMVzT4B334KDpLOy0EegQrLSeQxNBfYb8w,17)"
            ],
            "entityUrn": "urn:li:fs_education:(ACoAAAMVzT4B334KDpLOy0EegQrLSeQxNBfYb8w,77675476)",
            "school": {
                "objectUrn": "urn:li:school:13590",
                "entityUrn": "urn:li:fs_miniSchool:13590",
                "active": true,
                "schoolName": "Patna University",
                "trackingId": "aDwFhm+vT/i24LH3J0E/qQ=="
            },
            "grade": "First Class with Distinction",
            "timePeriod": {
                "endDate": {
                    "year": 2007
                },
                "startDate": {
                    "year": 2004
                }
            },
            "description": "Bachelor in Computer Application. Secured 2nd Rank in College.",
            "fieldOfStudyUrn": "urn:li:fs_fieldOfStudy:100189",
            "degreeName": "BCA",
            "schoolName": "Patna University",
            "fieldOfStudy": "Computer Science",
            "schoolUrn": "urn:li:fs_miniSchool:13590"
        }
    ],
    "languages": [],
    "publications": [],
    "certifications": [
        {
            "authority": "IBM",
            "name": "Big Data - Fundamentals",
            "timePeriod": {
                "startDate": {
                    "month": 9,
                    "year": 2015
                }
            },
            "company": {
                "objectUrn": "urn:li:company:1009",
                "entityUrn": "urn:li:fs_miniCompany:1009",
                "name": "IBM",
                "showcase": false,
                "active": true,
                "logo": {
                    "com.linkedin.common.VectorImage": {
                        "artifacts": [
                            {
                                "width": 200,
                                "fileIdentifyingUrlPathSegment": "200_200/0/1688684715427?e=1700697600&v=beta&t=2eLYpYlc5HZ2LkFCcrgm-U-WPb_Zbx6awsbQn5n5Lhc",
                                "expiresAt": 1700697600000,
                                "height": 200
                            },
                            {
                                "width": 100,
                                "fileIdentifyingUrlPathSegment": "100_100/0/1688684715427?e=1700697600&v=beta&t=eYfte0l3B3mHoKMUhtUKZ2CXTLnMh6SivxEUKE7Aqi4",
                                "expiresAt": 1700697600000,
                                "height": 100
                            },
                            {
                                "width": 400,
                                "fileIdentifyingUrlPathSegment": "400_400/0/1688684715427?e=1700697600&v=beta&t=u5Re06Myc9BstE2M6qN9MMORKODl8XmTlCBTPMoVtXk",
                                "expiresAt": 1700697600000,
                                "height": 400
                            }
                        ],
                        "rootUrl": "https://media.licdn.com/dms/image/D560BAQGiz5ecgpCtkA/company-logo_"
                    }
                },
                "universalName": "ibm",
                "dashCompanyUrn": "urn:li:fsd_company:1009",
                "trackingId": "4FdJ1gvrTUCzOmqMDuqFvg=="
            },
            "displaySource": "youracclaim.com",
            "companyUrn": "urn:li:fs_miniCompany:1009",
            "url": "https://www.youracclaim.com/badges/8d1e76c7-1763-4282-a149-583c2c4b1b3f/linked_in_profile"
        },
        {
            "authority": "IBM",
            "name": "Big Data Hadoop Fundamentals",
            "timePeriod": {
                "startDate": {
                    "month": 9,
                    "year": 2015
                }
            },
            "company": {
                "objectUrn": "urn:li:company:1009",
                "entityUrn": "urn:li:fs_miniCompany:1009",
                "name": "IBM",
                "showcase": false,
                "active": true,
                "logo": {
                    "com.linkedin.common.VectorImage": {
                        "artifacts": [
                            {
                                "width": 200,
                                "fileIdentifyingUrlPathSegment": "200_200/0/1688684715427?e=1700697600&v=beta&t=2eLYpYlc5HZ2LkFCcrgm-U-WPb_Zbx6awsbQn5n5Lhc",
                                "expiresAt": 1700697600000,
                                "height": 200
                            },
                            {
                                "width": 100,
                                "fileIdentifyingUrlPathSegment": "100_100/0/1688684715427?e=1700697600&v=beta&t=eYfte0l3B3mHoKMUhtUKZ2CXTLnMh6SivxEUKE7Aqi4",
                                "expiresAt": 1700697600000,
                                "height": 100
                            },
                            {
                                "width": 400,
                                "fileIdentifyingUrlPathSegment": "400_400/0/1688684715427?e=1700697600&v=beta&t=u5Re06Myc9BstE2M6qN9MMORKODl8XmTlCBTPMoVtXk",
                                "expiresAt": 1700697600000,
                                "height": 400
                            }
                        ],
                        "rootUrl": "https://media.licdn.com/dms/image/D560BAQGiz5ecgpCtkA/company-logo_"
                    }
                },
                "universalName": "ibm",
                "dashCompanyUrn": "urn:li:fsd_company:1009",
                "trackingId": "C5CC0lTxRfq3FFAVE5zEcg=="
            },
            "displaySource": "youracclaim.com",
            "companyUrn": "urn:li:fs_miniCompany:1009",
            "url": "https://www.youracclaim.com/badges/9ed0a57b-79df-4362-add2-cea21219cde1/linked_in_profile"
        },
        {
            "authority": "IBM",
            "name": "IBM Certified Deployment Professional - Maximo Asset Management V7.1",
            "timePeriod": {
                "startDate": {
                    "month": 3,
                    "year": 2010
                }
            },
            "company": {
                "objectUrn": "urn:li:company:1009",
                "entityUrn": "urn:li:fs_miniCompany:1009",
                "name": "IBM",
                "showcase": false,
                "active": true,
                "logo": {
                    "com.linkedin.common.VectorImage": {
                        "artifacts": [
                            {
                                "width": 200,
                                "fileIdentifyingUrlPathSegment": "200_200/0/1688684715427?e=1700697600&v=beta&t=2eLYpYlc5HZ2LkFCcrgm-U-WPb_Zbx6awsbQn5n5Lhc",
                                "expiresAt": 1700697600000,
                                "height": 200
                            },
                            {
                                "width": 100,
                                "fileIdentifyingUrlPathSegment": "100_100/0/1688684715427?e=1700697600&v=beta&t=eYfte0l3B3mHoKMUhtUKZ2CXTLnMh6SivxEUKE7Aqi4",
                                "expiresAt": 1700697600000,
                                "height": 100
                            },
                            {
                                "width": 400,
                                "fileIdentifyingUrlPathSegment": "400_400/0/1688684715427?e=1700697600&v=beta&t=u5Re06Myc9BstE2M6qN9MMORKODl8XmTlCBTPMoVtXk",
                                "expiresAt": 1700697600000,
                                "height": 400
                            }
                        ],
                        "rootUrl": "https://media.licdn.com/dms/image/D560BAQGiz5ecgpCtkA/company-logo_"
                    }
                },
                "universalName": "ibm",
                "dashCompanyUrn": "urn:li:fsd_company:1009",
                "trackingId": "jIBjYZS9RrOmwAfg85Ge6g=="
            },
            "companyUrn": "urn:li:fs_miniCompany:1009"
        },
        {
            "authority": "IBM",
            "name": "Maximo Application Suite Foundation",
            "timePeriod": {
                "startDate": {
                    "month": 5,
                    "year": 2022
                }
            },
            "company": {
                "objectUrn": "urn:li:company:1009",
                "entityUrn": "urn:li:fs_miniCompany:1009",
                "name": "IBM",
                "showcase": false,
                "active": true,
                "logo": {
                    "com.linkedin.common.VectorImage": {
                        "artifacts": [
                            {
                                "width": 200,
                                "fileIdentifyingUrlPathSegment": "200_200/0/1688684715427?e=1700697600&v=beta&t=2eLYpYlc5HZ2LkFCcrgm-U-WPb_Zbx6awsbQn5n5Lhc",
                                "expiresAt": 1700697600000,
                                "height": 200
                            },
                            {
                                "width": 100,
                                "fileIdentifyingUrlPathSegment": "100_100/0/1688684715427?e=1700697600&v=beta&t=eYfte0l3B3mHoKMUhtUKZ2CXTLnMh6SivxEUKE7Aqi4",
                                "expiresAt": 1700697600000,
                                "height": 100
                            },
                            {
                                "width": 400,
                                "fileIdentifyingUrlPathSegment": "400_400/0/1688684715427?e=1700697600&v=beta&t=u5Re06Myc9BstE2M6qN9MMORKODl8XmTlCBTPMoVtXk",
                                "expiresAt": 1700697600000,
                                "height": 400
                            }
                        ],
                        "rootUrl": "https://media.licdn.com/dms/image/D560BAQGiz5ecgpCtkA/company-logo_"
                    }
                },
                "universalName": "ibm",
                "dashCompanyUrn": "urn:li:fsd_company:1009",
                "trackingId": "H1XogoQuS+W1hlE4x7IenA=="
            },
            "displaySource": "credly.com",
            "companyUrn": "urn:li:fs_miniCompany:1009",
            "url": "https://www.credly.com/badges/b1e1143b-6ce6-4881-8272-1047a42872e1?source=linked_in_profile"
        },
        {
            "authority": "IBM",
            "name": "IoT - Maximo Inventory Items",
            "timePeriod": {
                "startDate": {
                    "month": 6,
                    "year": 2022
                }
            },
            "company": {
                "objectUrn": "urn:li:company:1009",
                "entityUrn": "urn:li:fs_miniCompany:1009",
                "name": "IBM",
                "showcase": false,
                "active": true,
                "logo": {
                    "com.linkedin.common.VectorImage": {
                        "artifacts": [
                            {
                                "width": 200,
                                "fileIdentifyingUrlPathSegment": "200_200/0/1688684715427?e=1700697600&v=beta&t=2eLYpYlc5HZ2LkFCcrgm-U-WPb_Zbx6awsbQn5n5Lhc",
                                "expiresAt": 1700697600000,
                                "height": 200
                            },
                            {
                                "width": 100,
                                "fileIdentifyingUrlPathSegment": "100_100/0/1688684715427?e=1700697600&v=beta&t=eYfte0l3B3mHoKMUhtUKZ2CXTLnMh6SivxEUKE7Aqi4",
                                "expiresAt": 1700697600000,
                                "height": 100
                            },
                            {
                                "width": 400,
                                "fileIdentifyingUrlPathSegment": "400_400/0/1688684715427?e=1700697600&v=beta&t=u5Re06Myc9BstE2M6qN9MMORKODl8XmTlCBTPMoVtXk",
                                "expiresAt": 1700697600000,
                                "height": 400
                            }
                        ],
                        "rootUrl": "https://media.licdn.com/dms/image/D560BAQGiz5ecgpCtkA/company-logo_"
                    }
                },
                "universalName": "ibm",
                "dashCompanyUrn": "urn:li:fsd_company:1009",
                "trackingId": "Nv3kftXTQtmzMsvEAtUsJQ=="
            },
            "displaySource": "credly.com",
            "companyUrn": "urn:li:fs_miniCompany:1009",
            "url": "https://www.credly.com/badges/91138cde-4b0e-48f1-bd9a-51f9ff1eacce?source=linked_in_profile"
        },
        {
            "authority": "IBM",
            "name": "IoT - Maximo Asset Management",
            "timePeriod": {
                "startDate": {
                    "month": 6,
                    "year": 2022
                }
            },
            "company": {
                "objectUrn": "urn:li:company:1009",
                "entityUrn": "urn:li:fs_miniCompany:1009",
                "name": "IBM",
                "showcase": false,
                "active": true,
                "logo": {
                    "com.linkedin.common.VectorImage": {
                        "artifacts": [
                            {
                                "width": 200,
                                "fileIdentifyingUrlPathSegment": "200_200/0/1688684715427?e=1700697600&v=beta&t=2eLYpYlc5HZ2LkFCcrgm-U-WPb_Zbx6awsbQn5n5Lhc",
                                "expiresAt": 1700697600000,
                                "height": 200
                            },
                            {
                                "width": 100,
                                "fileIdentifyingUrlPathSegment": "100_100/0/1688684715427?e=1700697600&v=beta&t=eYfte0l3B3mHoKMUhtUKZ2CXTLnMh6SivxEUKE7Aqi4",
                                "expiresAt": 1700697600000,
                                "height": 100
                            },
                            {
                                "width": 400,
                                "fileIdentifyingUrlPathSegment": "400_400/0/1688684715427?e=1700697600&v=beta&t=u5Re06Myc9BstE2M6qN9MMORKODl8XmTlCBTPMoVtXk",
                                "expiresAt": 1700697600000,
                                "height": 400
                            }
                        ],
                        "rootUrl": "https://media.licdn.com/dms/image/D560BAQGiz5ecgpCtkA/company-logo_"
                    }
                },
                "universalName": "ibm",
                "dashCompanyUrn": "urn:li:fsd_company:1009",
                "trackingId": "PoOGtJHkRS61ITxfG0v+kQ=="
            },
            "displaySource": "credly.com",
            "companyUrn": "urn:li:fs_miniCompany:1009",
            "url": "https://www.credly.com/badges/d89e6716-206e-429d-a31d-e35a96d7c08d?source=linked_in_profile"
        },
        {
            "authority": "PeopleCert",
            "name": "IT Information Library Foundations Certification (ITIL)",
            "timePeriod": {
                "endDate": {
                    "month": 5,
                    "year": 2026
                },
                "startDate": {
                    "month": 5,
                    "year": 2023
                }
            },
            "licenseNumber": "GR671516297DK",
            "company": {
                "objectUrn": "urn:li:company:800375",
                "entityUrn": "urn:li:fs_miniCompany:800375",
                "name": "PeopleCert",
                "showcase": false,
                "active": true,
                "logo": {
                    "com.linkedin.common.VectorImage": {
                        "artifacts": [
                            {
                                "width": 200,
                                "fileIdentifyingUrlPathSegment": "200_200/0/1686310135925?e=1700697600&v=beta&t=0uzSOMMuLG3SdtoZxCWFGLxB7qjIYdTkYTXydnN6PyY",
                                "expiresAt": 1700697600000,
                                "height": 200
                            },
                            {
                                "width": 100,
                                "fileIdentifyingUrlPathSegment": "100_100/0/1686310135925?e=1700697600&v=beta&t=uBvWEpAJzib9F17IE5ftIEB7RQ_Jtzr975FjPoa8-SU",
                                "expiresAt": 1700697600000,
                                "height": 100
                            },
                            {
                                "width": 400,
                                "fileIdentifyingUrlPathSegment": "400_400/0/1686310135925?e=1700697600&v=beta&t=jtmNlm7Uz1iZD9jhrFZsnO9ObLETa0tQbYyE8ar1LbA",
                                "expiresAt": 1700697600000,
                                "height": 400
                            }
                        ],
                        "rootUrl": "https://media.licdn.com/dms/image/D4D0BAQF13SYAlPwFgA/company-logo_"
                    }
                },
                "universalName": "peoplecert-group",
                "dashCompanyUrn": "urn:li:fsd_company:800375",
                "trackingId": "GHj0zszRSJCFSqBekv7SjQ=="
            },
            "companyUrn": "urn:li:fs_miniCompany:800375"
        },
        {
            "authority": "PeopleCert",
            "name": "IT Information Library Foundations Certification (ITIL)",
            "timePeriod": {
                "endDate": {
                    "month": 5,
                    "year": 2026
                },
                "startDate": {
                    "month": 5,
                    "year": 2023
                }
            },
            "company": {
                "objectUrn": "urn:li:company:800375",
                "entityUrn": "urn:li:fs_miniCompany:800375",
                "name": "PeopleCert",
                "showcase": false,
                "active": true,
                "logo": {
                    "com.linkedin.common.VectorImage": {
                        "artifacts": [
                            {
                                "width": 200,
                                "fileIdentifyingUrlPathSegment": "200_200/0/1686310135925?e=1700697600&v=beta&t=0uzSOMMuLG3SdtoZxCWFGLxB7qjIYdTkYTXydnN6PyY",
                                "expiresAt": 1700697600000,
                                "height": 200
                            },
                            {
                                "width": 100,
                                "fileIdentifyingUrlPathSegment": "100_100/0/1686310135925?e=1700697600&v=beta&t=uBvWEpAJzib9F17IE5ftIEB7RQ_Jtzr975FjPoa8-SU",
                                "expiresAt": 1700697600000,
                                "height": 100
                            },
                            {
                                "width": 400,
                                "fileIdentifyingUrlPathSegment": "400_400/0/1686310135925?e=1700697600&v=beta&t=jtmNlm7Uz1iZD9jhrFZsnO9ObLETa0tQbYyE8ar1LbA",
                                "expiresAt": 1700697600000,
                                "height": 400
                            }
                        ],
                        "rootUrl": "https://media.licdn.com/dms/image/D4D0BAQF13SYAlPwFgA/company-logo_"
                    }
                },
                "universalName": "peoplecert-group",
                "dashCompanyUrn": "urn:li:fsd_company:800375",
                "trackingId": "ajAq+I8UQTeBi1jRtqh/+Q=="
            },
            "companyUrn": "urn:li:fs_miniCompany:800375"
        }
    ],
    "volunteer": [],
    "honors": [],
    "projects": [],
    "email_address": null,
    "websites": [],
    "twitter": [],
    "birthdate": null,
    "ims": null,
    "phone_numbers": []
}