{
    "industryName": "Computer Software",
    "lastName": "Wakde",
    "locationName": "India",
    "student": false,
    "geoCountryName": "India",
    "geoCountryUrn": "urn:li:fs_geo:102713980",
    "geoLocationBackfilled": false,
    "elt": false,
    "industryUrn": "urn:li:fs_industry:4",
    "firstName": "Rani",
    "entityUrn": "urn:li:fs_profile:ACoAABJEfMgBeDprOl0drGdJ1lIqGdlhWmjjyyY",
    "geoLocation": {
        "geoUrn": "urn:li:fs_geo:90009642"
    },
    "geoLocationName": "Pune/Pimpri-Chinchwad Area",
    "location": {
        "basicLocation": {
            "countryCode": "in"
        }
    },
    "headline": "Maximo Consutant at IBM",
    "displayPictureUrl": "https://media.licdn.com/dms/image/C4E03AQEkJtFYsw95Tw/profile-displayphoto-shrink_",
    "img_100_100": "100_100/0/1517008176134?e=1698278400&v=beta&t=Cq_U-KEgrXZE4VxGooH24-IVHpVXbEkp5TukDwV0zD8",
    "img_200_200": "200_200/0/1517008176134?e=1698278400&v=beta&t=i4VB0O4ElSGS5qiHbV0kRSpGkOHy32CRbiWrP8tQ-ms",
    "img_400_400": "400_400/0/1517008176134?e=1698278400&v=beta&t=erDSnyHVqdS5O8hL-3iIcC_lrNUlcMXPpGuc9vwMM_s",
    "img_800_800": "800_800/0/1517008176134?e=1698278400&v=beta&t=Oa-_QdaxZluMD68hUiv4yCT3a9hnqoRcFXdSxM4w6B8",
    "profile_id": "ACoAABJEfMgBeDprOl0drGdJ1lIqGdlhWmjjyyY",
    "profile_urn": "urn:li:fs_miniProfile:ACoAABJEfMgBeDprOl0drGdJ1lIqGdlhWmjjyyY",
    "member_urn": "urn:li:member:306478280",
    "public_id": "rani-wakde-14878086",
    "experience": [
        {
            "locationName": "Pune",
            "entityUrn": "urn:li:fs_position:(ACoAABJEfMgBeDprOl0drGdJ1lIqGdlhWmjjyyY,747936215)",
            "geoLocationName": "Pune",
            "companyName": "IBM",
            "timePeriod": {
                "startDate": {
                    "month": 1,
                    "year": 2011
                }
            },
            "description": "IBM Certified Deployment Professional Maximo Asset Management V7.5.Working as a IBM Maximo developer for various accounts like WARTSILA,BNM,IRISH WATER,ONCOR.\nExperienced in Core Java and MBO Customization\nExperienced in platform configuration.Maximo Migration Manager,BIRT Reporting,Maximo Integration Framework\nTechnology used:-IBM Maximo v7.x/,Oracle 9i/10g/11g,Websphere and Weblogic\n",
            "company": {
                "employeeCountRange": {
                    "start": 10001
                },
                "industries": [
                    "Information Technology and Services"
                ]
            },
            "title": "Maximo Consutant",
            "companyUrn": "urn:li:fs_miniCompany:1009",
            "companyLogoUrl": "https://media.licdn.com/dms/image/D560BAQGiz5ecgpCtkA/company-logo_"
        }
    ],
    "education": [],
    "languages": [],
    "publications": [],
    "certifications": [
        {
            "name": "IBM Certified Deployment Professional Maximo Asset Management V7.5"
        }
    ],
    "volunteer": [],
    "honors": [],
    "projects": []
}